id,category,file,title,publisher,doc_number,published,pages,source_url,landing_page,sha256_12,notes
S01,safety,safety/osha3120_lockout_tagout.pdf,Control of Hazardous Energy (Lockout/Tagout),U.S. Dept. of Labor OSHA,OSHA 3120,2002 (Revised),45,https://www.osha.gov/sites/default/files/publications/osha3120.pdf,https://www.osha.gov/publications/publication-products?publication_title=3120,3ea7380fa108,Guidance booklet on the LOTO standard
S02,safety,safety/cfr_29_1910_147_control_of_hazardous_energy.pdf,29 CFR 1910.147 The Control of Hazardous Energy (Lockout/Tagout),U.S. Government Publishing Office (govinfo),29 CFR 1910.147,2024 edition (CFR annual),9,https://www.govinfo.gov/content/pkg/CFR-2024-title29-vol5/pdf/CFR-2024-title29-vol5-sec1910-147.pdf,https://www.ecfr.gov/current/title-29/section-1910.147,5ea266485454,The binding rule text; S01 is the guidance on it
S03,safety,safety/osha3170_machine_guarding_amputations.pdf,Safeguarding Equipment and Protecting Employees from Amputations,U.S. Dept. of Labor OSHA,OSHA 3170-02R,2007,60,https://www.osha.gov/sites/default/files/publications/osha3170.pdf,https://www.osha.gov/publications/publication-products?publication_title=3170,fab230fb8ab5,Machine guarding for presses shears conveyors saws etc.
S04,safety,safety/osha3151_personal_protective_equipment.pdf,Personal Protective Equipment,U.S. Dept. of Labor OSHA,OSHA 3151-02R,2023,46,https://www.osha.gov/sites/default/files/publications/osha3151.pdf,https://www.osha.gov/publications/publication-products?publication_title=3151,1d6cf79ee848,Hazard assessment and PPE selection
S05,safety,safety/osha3138_permit_required_confined_spaces.pdf,Permit-Required Confined Spaces,U.S. Dept. of Labor OSHA,OSHA 3138-01R,2004,23,https://www.osha.gov/sites/default/files/publications/osha3138.pdf,https://www.osha.gov/publications/publication-products?publication_title=3138,20bdcbea190b,Entry permits attendants rescue
S06,safety,safety/osha3074_hearing_conservation.pdf,Hearing Conservation,U.S. Dept. of Labor OSHA,OSHA 3074,2002 (Revised),32,https://www.osha.gov/sites/default/files/publications/osha3074.pdf,https://www.osha.gov/publications/publication-products?publication_title=3074,2a62fa4cf70b,Noise monitoring audiometric testing hearing protection
S07,safety,safety/osha3075_electrical_safety.pdf,Controlling Electrical Hazards,U.S. Dept. of Labor OSHA,OSHA 3075,2002 (Revised),71,https://www.osha.gov/sites/default/files/publications/osha3075.pdf,https://www.osha.gov/publications/publication-products?publication_title=3075,e32343de2132,Electrical safety-related work practices
S08,safety,safety/osha3695_hazard_communication.pdf,Hazard Communication: Small Entity Compliance Guide for Employers That Use Hazardous Chemicals,U.S. Dept. of Labor OSHA,OSHA 3695-03,2014,48,https://www.osha.gov/sites/default/files/publications/OSHA3695.pdf,https://www.osha.gov/publications/publication-products?publication_title=3695,f0f960b9a2c0,SDS labels GHS training
M01,maintenance,maintenance/pnnl_19634_om_best_practices_full.pdf,Operations & Maintenance Best Practices: A Guide to Achieving Operational Efficiency (Release 3.0),Pacific Northwest National Laboratory for DOE FEMP,PNNL-19634,August 2010,321,https://www.pnnl.gov/main/publications/external/technical_reports/PNNL-19634.pdf,https://www.osti.gov/biblio/1034595,7ed46c10e773,Program-level O&M: predictive maintenance and equipment chapters (motors pumps compressors boilers)
M02,maintenance,maintenance/nasa_rcm_guide_facilities_2008.pdf,Reliability-Centered Maintenance Guide for Facilities and Collateral Equipment,NASA,NASA RCM Guide,September 2008,472,https://www.nasa.gov/wp-content/uploads/2023/06/nasa-rcmguide.pdf,https://www.nasa.gov/wp-content/uploads/2023/06/nasa-rcmguide.pdf,2d5752842bcc,RCM methodology and condition monitoring
M03,maintenance,maintenance/gates_belt_drive_preventive_maintenance_manual.pdf,Belt Drive Preventive Maintenance & Safety Manual,Gates Corporation,Gates form 14995 (1/2015),2015,70,https://www.gatesaustralia.com.au/~/media/files/gates/industrial/power-transmission/manuals/preventive-maintenance-safety-for-belt-drives-old.pdf,https://www.gates.com/content/dam/documents-library/operating-manuals/preventive-maintenance-manual-en.pdf,046256718cf7,Downloaded from Gates Australia mirror; gates.com URL blocks scripted downloads but opens in a browser
M04,maintenance,maintenance/baldor_mn408_ac_induction_motor_manual.pdf,Baldor-Reliance Integral Horsepower AC Induction Motors Installation and Operating Manual,ABB Motors and Mechanical (Baldor-Reliance),MN408,January 2021,36,https://library.e.abb.com/public/1b412697e30b440b9d3a8c5833ae3309/MN408.pdf,https://library.e.abb.com/public/1b412697e30b440b9d3a8c5833ae3309/MN408.pdf,c6e02243a261,Motor install lubrication troubleshooting
M05,maintenance,maintenance/goulds_3196_iframe_pump_iom.pdf,Installation Operation and Maintenance Manual Model 3196 i-FRAME,ITT Goulds Pumps,IOM 3196 i-FRAME,2024 (rev 2024-06),172,https://www.gouldspumps.com/getmedia/62837e9b-ee18-46dd-87ba-c65f27d95ed3/IOM_3196i-FRAME.pdf,https://www.gouldspumps.com/getmedia/62837e9b-ee18-46dd-87ba-c65f27d95ed3/IOM_3196i-FRAME.pdf,b614495e4dbe,ANSI process pump IOM
M06,maintenance,maintenance/skf_bearing_damage_failure_analysis.pdf,Bearing Damage and Failure Analysis,SKF Group,PUB BU/I3 14219/3 EN,June 2025,106,https://cdn.skfmediahub.skf.com/api/public/093168a92d25cc46/pdf_preview_medium/093168a92d25cc46_pdf_preview_medium.pdf,https://cdn.skfmediahub.skf.com/api/public/093168a92d25cc46/pdf_preview_medium/093168a92d25cc46_pdf_preview_medium.pdf,f9474ccf8b48,ISO 15243 failure modes inspection
M07,maintenance,maintenance/rockwell_powerflex_520_drive_user_manual.pdf,PowerFlex 520-series Adjustable Frequency AC Drive User Manual,Rockwell Automation (Allen-Bradley),520-UM001O-EN-E,September 2025,274,https://literature.rockwellautomation.com/idc/groups/literature/documents/um/520-um001_-en-e.pdf,https://literature.rockwellautomation.com/idc/groups/literature/documents/um/520-um001_-en-e.pdf,b9445a63c788,VFD install parameters fault codes
M08,maintenance,maintenance/quincy_qgs_rotary_screw_compressor_manual.pdf,Quincy Oil-injected Rotary Screw Compressors QGS 10 / QGS 15 / QGS 20S Instruction Book,Quincy Compressor,No. 2920 7113 40,March 2017,96,https://www.compressorworld.com/assets/QGS10-20SInstructionManual.pdf,https://www.quincycompressor.com/,6ff65ccc2358,Downloaded from a distributor mirror of the Quincy manual
M09,maintenance,maintenance/doe_hdbk_1018_v1_mechanical_science_pumps_valves.pdf,DOE Fundamentals Handbook: Mechanical Science Volume 1 of 2 (Diesel Engines Heat Exchangers Pumps Valves),U.S. Department of Energy,DOE-HDBK-1018/1-93,January 1993,122,https://www.discountpdh.com/wp-content/themes/discountpdh/pdf-course/fundamentals-of-diesel-engines-heat-exchangers-pumps-and-valves.pdf,https://www.standards.doe.gov/standards-documents/1000/1018-bhdbk-1993-v1,f40087816df4,Public domain; mirror download with DOE landing page
Q01,quality,quality/mil_std_1916_acceptance_of_product.pdf,DoD Preferred Methods for Acceptance of Product,U.S. Department of Defense,MIL-STD-1916,1 April 1996,33,https://variation.com/wp-content/uploads/standards/mil-std-1916.pdf,https://everyspec.com/MIL-STD/MIL-STD-1800-1999/MIL_STD_1916_1002/,e61e0e330a6c,Sampling plans and verification levels
Q02,quality,quality/mil_hdbk_1916_companion_handbook.pdf,Companion Document to MIL-STD-1916,U.S. Department of Defense,MIL-HDBK-1916,10 February 1999,127,https://www.sqconline.com/sites/sqconline.com/files/MIL-HDBK-1916.pdf,https://everyspec.com/MIL-HDBK/MIL-HDBK-1800-1999/MIL_HDBK_1916_1808/,d1f570829a06,Guidance on applying the sampling standard
Q03,quality,quality/nist_tn1297_measurement_uncertainty.pdf,Guidelines for Evaluating and Expressing the Uncertainty of NIST Measurement Results,NIST,NIST Technical Note 1297,1994 Edition,25,https://emtoolbox.nist.gov/Publications/NISTTechnicalNote1297s.pdf,https://www.nist.gov/pml/nist-technical-note-1297,24ab13bd20d9,Measurement uncertainty for calibration and inspection
Q04,quality,quality/fda_process_validation_guidance_2011.pdf,Guidance for Industry: Process Validation General Principles and Practices,U.S. FDA,CGMP Revision 1,January 2011,22,https://www.fda.gov/media/71021/download,https://www.fda.gov/regulatory-information/search-fda-guidance-documents/process-validation-general-principles-and-practices,821788a1127a,Process design qualification continued verification
Q05,quality,quality/fda_quality_systems_approach_cgmp_2006.pdf,Guidance for Industry: Quality Systems Approach to Pharmaceutical CGMP Regulations,U.S. FDA,Pharmaceutical CGMPs,September 2006,32,https://www.fda.gov/media/71023/download,https://www.fda.gov/regulatory-information/search-fda-guidance-documents/quality-systems-approach-pharmaceutical-current-good-manufacturing-practice-regulations,69fa9da511ea,Quality system model CAPA change control
Q06,quality,quality/fda_ich_q9r1_quality_risk_management_2023.pdf,Q9(R1) Quality Risk Management Guidance for Industry,U.S. FDA / ICH,ICH Q9(R1),May 2023,34,https://www.fda.gov/media/167721/download,https://www.fda.gov/regulatory-information/search-fda-guidance-documents/q9r1-quality-risk-management,3e439cdcd022,FMEA HACCP risk ranking tools
Q07,quality,quality/fda_ich_q10_pharmaceutical_quality_system.pdf,Q10 Pharmaceutical Quality System Guidance for Industry,U.S. FDA / ICH,ICH Q10,April 2009,22,https://www.fda.gov/media/71553/download,https://www.fda.gov/regulatory-information/search-fda-guidance-documents/q10-pharmaceutical-quality-system,30bfd76f96c8,Management responsibility process performance monitoring
Q08,quality,quality/cfr_21_part_211_cgmp_finished_pharmaceuticals.pdf,21 CFR Part 211 Current Good Manufacturing Practice for Finished Pharmaceuticals,U.S. Government Publishing Office (govinfo),21 CFR Part 211,2024 edition (CFR annual),22,https://www.govinfo.gov/content/pkg/CFR-2024-title21-vol4/pdf/CFR-2024-title21-vol4-part211.pdf,https://www.ecfr.gov/current/title-21/part-211,6171d4642b52,Binding QC rule text: sampling testing records
X01,extras,extras/osha3088_workplace_emergencies.pdf,How to Plan for Workplace Emergencies and Evacuations,U.S. Dept. of Labor OSHA,OSHA 3088,2001 (Revised),30,https://www.osha.gov/sites/default/files/publications/osha3088.pdf,https://www.osha.gov/publications/publication-products?publication_title=3088,f01d011b0b1c,Extra safety doc
X02,extras,extras/cfr_29_1910_178_powered_industrial_trucks.pdf,29 CFR 1910.178 Powered Industrial Trucks,U.S. Government Publishing Office (govinfo),29 CFR 1910.178,2024 edition (CFR annual),15,https://www.govinfo.gov/content/pkg/CFR-2024-title29-vol5/pdf/CFR-2024-title29-vol5-sec1910-178.pdf,https://www.ecfr.gov/current/title-29/section-1910.178,1c47d60dde60,Extra safety doc (forklifts)
X03,extras,extras/osha3949_powered_industrial_trucks.pdf,Safe Forklift Operation (QuickCard),U.S. Dept. of Labor OSHA,OSHA 3949,2019,1,https://www.osha.gov/sites/default/files/publications/OSHA3949.pdf,https://www.osha.gov/publications/publication-products?publication_title=3949,f4de687c0fd3,One page card; too thin to count as a document
X04,extras,extras/osha3371_combustible_dust_hazcom_guidance.pdf,Hazard Communication Guidance for Combustible Dusts,U.S. Dept. of Labor OSHA,OSHA 3371-08,2009,13,https://www.osha.gov/sites/default/files/publications/3371COMBUSTIBLE-DUST.pdf,https://www.osha.gov/publications/3371combustible-dust,303364b7059e,Extra safety doc
X05,extras,extras/doe_hdbk_1018_v2_mechanical_science.pdf,DOE Fundamentals Handbook: Mechanical Science Volume 2 of 2,U.S. Department of Energy,DOE-HDBK-1018/2-93,January 1993,130,https://www-mdp.eng.cam.ac.uk/web/library/enginfo/textbooks_dvd_only/doe_handbooks/mech2.pdf,https://www.standards.doe.gov/standards-documents/1000/1018-bhdbk-1993-v2,4ad00f6277cf,Extra maintenance doc
X06,extras,(url only),NIST/SEMATECH e-Handbook of Statistical Methods Chapter 6: Process or Product Monitoring and Control,NIST,NIST/SEMATECH e-Handbook,2012 (last update),,https://www.itl.nist.gov/div898/handbook/pmc/pmc.htm,https://www.itl.nist.gov/div898/handbook/,,HTML only; use the URL ingest path. Control charts and SPC
